onet_soc_code,bls_soc_code,title,oews_year,annual_median_wage
11-2021.00,11-2021,Marketing Managers,2024,161030.0
11-3021.00,11-3021,Computer and Information Systems Managers,2024,171200.0
13-1082.00,13-1082,Project Management Specialists,2024,100750.0
13-1111.00,13-1111,Management Analysts,2024,101190.0
15-1299.00,15-1299,"Computer Occupations, All Other",2024,108970.0
15-1299.01,15-1299,Web Administrators,2024,108970.0
15-1299.02,15-1299,Geographic Information Systems Technologists and Technicians,2024,108970.0
15-1299.03,15-1299,Document Management Specialists,2024,108970.0
15-1299.04,15-1299,Penetration Testers,2024,108970.0
15-1299.05,15-1299,Information Security Engineers,2024,108970.0
15-1299.06,15-1299,Digital Forensics Analysts,2024,108970.0
15-1299.07,15-1299,Blockchain Engineers,2024,108970.0
15-1299.08,15-1299,Computer Systems Engineers/Architects,2024,108970.0
15-1299.09,15-1299,Information Technology Project Managers,2024,108970.0
